{
    "r2": 0.8555884696093531,
    "mae": 7715.180269401729,
    "rmse": 9723.901350665663
}