{
    "model_name": "ridge_cv",
    "metrics": {
        "r2": 0.845372025828028,
        "rmse": 9844.049494956496,
        "mae": 8003.829693801614
    },
    "best_alpha": 0.3
}